rank,prev_rank,name,league,off,def,spi
1,2,Liverpool,Barclays Premier League,3.02,0.2,94.31
2,3,Manchester City,Barclays Premier League,3.25,0.29,94.28
3,1,Bayern Munich,German Bundesliga,3.47,0.39,94.23
4,4,Paris Saint-Germain,French Ligue 1,3.14,0.53,90.58
5,5,Real Madrid,Spanish Primera Division,2.69,0.32,90.5
6,6,Barcelona,Spanish Primera Division,2.84,0.49,88.96
7,7,Chelsea,Barclays Premier League,2.49,0.48,85.95
8,8,Atletico Madrid,Spanish Primera Division,2.07,0.28,85.4
9,9,RB Leipzig,German Bundesliga,2.65,0.61,85.02
10,11,Borussia Dortmund,German Bundesliga,2.72,0.69,84.39
11,10,Juventus,Italy Serie A,2.48,0.56,84.23
12,12,Atalanta,Italy Serie A,2.57,0.75,81.53
13,13,Leicester City,Barclays Premier League,2.28,0.58,81.44
14,14,Manchester United,Barclays Premier League,2.17,0.54,80.94
15,18,Getafe,Spanish Primera Division,1.85,0.35,80.89
16,15,Sevilla FC,Spanish Primera Division,2.04,0.47,80.79
17,16,Bayer Leverkusen,German Bundesliga,2.33,0.65,80.63
18,21,Internazionale,Italy Serie A,2.25,0.63,79.99
19,17,Tottenham Hotspur,Barclays Premier League,2.27,0.65,79.88
20,22,Wolverhampton,Barclays Premier League,2.04,0.51,79.65
21,19,FC Salzburg,Austrian T-Mobile Bundesliga,2.88,1.07,79.34
22,20,Ajax,Dutch Eredivisie,2.77,1.01,79.13
23,24,Everton,Barclays Premier League,2.1,0.58,78.85
24,26,Napoli,Italy Serie A,2.18,0.73,76.71
25,27,Zenit St Petersburg,Russian Premier Liga,2.03,0.64,76.67
26,31,FC Porto,Portuguese Liga,2.0,0.62,76.56
27,23,Benfica,Portuguese Liga,2.19,0.76,76.3
28,25,AS Roma,Italy Serie A,2.21,0.78,76.24
29,29,Lazio,Italy Serie A,2.18,0.75,76.23
30,28,Real Sociedad,Spanish Primera Division,2.1,0.74,75.4
31,30,Arsenal,Barclays Premier League,2.08,0.73,75.26
32,33,Borussia Monchengladbach,German Bundesliga,2.18,0.8,75.22
33,35,Villarreal,Spanish Primera Division,2.19,0.85,74.33
34,32,Olympiacos,Greek Super League,2.07,0.77,74.3
35,36,Sheffield United,Barclays Premier League,1.76,0.57,73.76
36,34,Athletic Bilbao,Spanish Primera Division,1.73,0.59,72.78
37,38,AC Milan,Italy Serie A,1.91,0.73,72.48
38,41,Real Betis,Spanish Primera Division,2.01,0.8,72.44
39,39,Club Brugge,Belgian Jupiler League,1.97,0.78,72.34
40,47,Eintracht Frankfurt,German Bundesliga,2.06,0.86,72.09
41,45,VfL Wolfsburg,German Bundesliga,1.92,0.76,72.0
42,43,Flamengo,Brasileiro Série A,2.08,0.88,71.72
43,37,Lyon,French Ligue 1,1.82,0.69,71.72
44,42,Southampton,Barclays Premier League,1.97,0.82,71.53
45,44,Osasuna,Spanish Primera Division,1.88,0.76,71.2
46,40,Watford,Barclays Premier League,1.91,0.79,71.11
47,46,Valencia,Spanish Primera Division,2.01,0.86,71.1
48,48,Eibar,Spanish Primera Division,1.74,0.67,70.81
49,50,Brighton and Hove Albion,Barclays Premier League,1.92,0.81,70.61
50,51,Marseille,French Ligue 1,1.71,0.66,70.57
51,49,TSG Hoffenheim,German Bundesliga,2.17,1.02,70.29
52,52,Shakhtar Donetsk,UEFA Europa League,2.13,1.01,69.87
53,60,Celtic,Scottish Premiership,2.06,0.96,69.57
54,56,Espanyol,Spanish Primera Division,1.85,0.82,69.22
55,57,Schalke 04,German Bundesliga,1.92,0.88,69.08
56,54,Burnley,Barclays Premier League,1.79,0.78,69.06
57,55,Crystal Palace,Barclays Premier League,1.72,0.76,68.27
58,61,Celta Vigo,Spanish Primera Division,1.77,0.81,67.98
59,80,Brentford,English League Championship,1.73,0.78,67.91
60,62,FC Krasnodar,Russian Premier Liga,1.77,0.84,67.26
61,68,Lille,French Ligue 1,1.69,0.77,67.24
62,64,Dynamo Kiev,UEFA Europa League,1.97,1.01,67.02
63,58,Fiorentina,Italy Serie A,1.77,0.85,66.96
64,84,FC Cologne,German Bundesliga,1.89,0.95,66.81
65,77,Leganes,Spanish Primera Division,1.65,0.76,66.7
66,79,AZ,Dutch Eredivisie,2.01,1.06,66.53
67,66,Palmeiras,Brasileiro Série A,1.67,0.79,66.46
68,53,AS Monaco,French Ligue 1,1.94,1.0,66.43
69,63,Granada,Spanish Primera Division,1.64,0.79,66.01
70,75,Alavés,Spanish Primera Division,1.69,0.83,65.8
71,59,PAOK Salonika,Greek Super League,1.84,0.96,65.7
72,81,Braga,Portuguese Liga,1.81,0.94,65.46
73,72,Dinamo Zagreb,UEFA Champions League,2.05,1.14,65.45
74,73,LASK Linz,Austrian T-Mobile Bundesliga,1.9,1.02,65.39
75,65,Basel,Swiss Raiffeisen Super League,1.98,1.09,65.33
76,71,Hertha Berlin,German Bundesliga,1.77,0.92,65.32
77,78,Santos,Brasileiro Série A,1.6,0.78,65.25
78,76,Leeds United,English League Championship,1.81,0.96,65.02
79,70,West Ham United,Barclays Premier League,1.9,1.04,64.85
80,86,FC Augsburg,German Bundesliga,1.94,1.07,64.83
81,82,River Plate,Argentina Primera Division,1.74,0.92,64.72
82,88,Bologna,Italy Serie A,1.83,1.01,64.44
83,87,CSKA Moscow,Russian Premier Liga,1.63,0.84,64.35
84,91,Stade Rennes,French Ligue 1,1.55,0.79,64.13
85,69,Rangers,Scottish Premiership,1.81,1.0,64.09
86,67,Montpellier,French Ligue 1,1.55,0.8,63.62
87,83,1. FC Union Berlin,German Bundesliga,1.7,0.94,63.51
88,92,AFC Bournemouth,Barclays Premier League,1.76,0.99,63.46
89,85,Angers,French Ligue 1,1.5,0.77,63.46
90,74,Young Boys,Swiss Raiffeisen Super League,2.07,1.25,63.34
91,93,Slavia Prague,UEFA Champions League,1.92,1.13,63.19
92,89,Sporting CP,Portuguese Liga,1.64,0.9,63.19
93,103,Verona,Italy Serie A,1.66,0.92,63.0
94,94,Werder Bremen,German Bundesliga,1.86,1.09,62.85
95,109,Real Valladolid,Spanish Primera Division,1.51,0.8,62.74
96,96,Grêmio,Brasileiro Série A,1.65,0.93,62.69
97,90,Strasbourg,French Ligue 1,1.58,0.87,62.69
98,110,KAA Gent,Belgian Jupiler League,1.83,1.08,62.65
99,98,Sampdoria,Italy Serie A,1.66,0.94,62.54
100,99,Nantes,French Ligue 1,1.5,0.82,62.2
101,100,Levante,Spanish Primera Division,1.92,1.18,62.18
102,104,Mainz,German Bundesliga,1.95,1.2,62.08
103,101,Atlético Paranaense,Brasileiro Série A,1.42,0.75,62.05
104,105,Guangzhou Evergrande,Chinese Super League,1.87,1.15,61.79
105,102,Aston Villa,Barclays Premier League,1.88,1.16,61.75
106,108,Galatasaray,Turkish Turkcell Super Lig,1.78,1.07,61.73
107,115,Norwich City,Barclays Premier League,1.72,1.03,61.71
108,97,Newcastle,Barclays Premier League,1.63,0.95,61.49
109,107,PSV,Dutch Eredivisie,1.91,1.21,61.21
110,121,Reims,French Ligue 1,1.39,0.77,60.97
111,95,SC Freiburg,German Bundesliga,1.83,1.17,60.49
112,114,Ludogorets,UEFA Europa League,1.69,1.05,60.46
113,117,Trabzonspor,Turkish Turkcell Super Lig,1.84,1.18,60.37
114,123,Sassuolo,Italy Serie A,1.78,1.14,60.29
115,118,Istanbul Basaksehir,Turkish Turkcell Super Lig,1.68,1.06,60.06
116,116,FC Midtjylland,Danish SAS-Ligaen,1.69,1.06,60.02
117,113,Fenerbahce,Turkish Turkcell Super Lig,1.8,1.16,59.98
118,106,Malmo FF,Swedish Allsvenskan,1.64,1.03,59.94
119,126,Feyenoord,Dutch Eredivisie,1.95,1.31,59.83
120,111,Mallorca,Spanish Primera Division,1.72,1.11,59.61
121,120,Bordeaux,French Ligue 1,1.39,0.83,59.31
122,122,FC Copenhagen,Danish SAS-Ligaen,1.71,1.13,59.08
123,130,Nice,French Ligue 1,1.62,1.04,59.06
124,125,Guimaraes,Portuguese Liga,1.52,0.97,58.75
125,124,Rapid Vienna,Austrian T-Mobile Bundesliga,1.81,1.24,58.64
126,112,Monterrey,Mexican Primera Division Torneo Clausura,1.67,1.12,58.46
127,134,Boca Juniors,Argentina Primera Division,1.43,0.9,58.4
128,128,Shanghai SIPG,Chinese Super League,1.69,1.13,58.37
129,129,Beijing Guoan,Chinese Super League,1.76,1.21,58.34
130,131,Apoel Nicosia,UEFA Europa League,1.63,1.09,58.12
131,132,Internacional,Brasileiro Série A,1.49,0.97,58.03
132,143,Genoa,Italy Serie A,1.7,1.17,57.98
133,133,Lokomotiv Moscow,Russian Premier Liga,1.64,1.11,57.92
134,127,Cagliari,Italy Serie A,1.76,1.22,57.86
135,136,Parma,Italy Serie A,1.63,1.11,57.85
136,135,Los Angeles FC,Major League Soccer,1.98,1.43,57.68
137,142,West Bromwich Albion,English League Championship,1.56,1.06,57.18
138,140,São Paulo,Brasileiro Série A,1.32,0.85,57.09
139,141,St Etienne,French Ligue 1,1.42,0.96,56.85
140,152,St Gallen,Swiss Raiffeisen Super League,1.96,1.46,56.69
141,119,Club América,Mexican Primera Division Torneo Clausura,1.59,1.12,56.58
142,145,Red Star Belgrade,UEFA Champions League,1.92,1.43,56.48
143,137,Fulham,English League Championship,1.57,1.11,56.3
144,146,Rostov,Russian Premier Liga,1.54,1.09,56.16
145,144,SC Paderborn,German Bundesliga,1.69,1.25,55.87
146,150,Fortuna Düsseldorf,German Bundesliga,1.66,1.22,55.74
147,149,Dijon FCO,French Ligue 1,1.4,0.98,55.69
148,151,FC Arsenal Tula,Russian Premier Liga,1.4,0.99,55.46
149,147,Udinese,Italy Serie A,1.56,1.15,55.22
150,138,Torino,Italy Serie A,1.59,1.18,55.09
151,157,AEK Athens,Greek Super League,1.41,1.01,55.02
152,148,Tigres UANL,Mexican Primera Division Torneo Clausura,1.45,1.06,54.81
153,158,Cruz Azul,Mexican Primera Division Torneo Clausura,1.55,1.17,54.54
154,161,Besiktas,Turkish Turkcell Super Lig,1.73,1.34,54.48
155,156,Brest,French Ligue 1,1.54,1.17,54.42
156,165,Metz,French Ligue 1,1.39,1.03,54.4
157,159,Ferencvaros,UEFA Europa League,1.59,1.22,54.14
158,184,Nimes,French Ligue 1,1.44,1.09,53.96
159,162,Wolfsberger AC,Austrian T-Mobile Bundesliga,1.65,1.3,53.78
160,153,Molde,Norwegian Tippeligaen,1.82,1.47,53.66
161,163,Yokohama F. Marinos,Japanese J League,1.76,1.42,53.62
162,164,Atletico Mineiro,Brasileiro Série A,1.42,1.08,53.53
163,166,Genk,Belgian Jupiler League,1.69,1.36,53.46
164,160,Spal,Italy Serie A,1.52,1.19,53.34
165,139,Hammarby,Swedish Allsvenskan,1.89,1.56,53.14
166,154,Stoke City,English League Championship,1.35,1.04,53.1
167,167,Spartak Moscow,Russian Premier Liga,1.29,0.98,53.0
168,168,Fluminense,Brasileiro Série A,1.35,1.04,52.91
169,169,Corinthians,Brasileiro Série A,1.26,0.96,52.88
170,173,Alanyaspor,Turkish Turkcell Super Lig,1.52,1.22,52.77
171,172,FK Partizan Belgrade,UEFA Europa League,1.51,1.21,52.7
172,176,FK Qarabag,UEFA Europa League,1.44,1.16,52.29
173,170,FC Utrecht,Dutch Eredivisie,1.71,1.43,52.28
174,174,Vitesse,Dutch Eredivisie,1.68,1.4,52.28
175,179,Amiens,French Ligue 1,1.31,1.03,52.19
176,181,Vasco da Gama,Brasileiro Série A,1.34,1.08,51.83
177,182,Santos Laguna,Mexican Primera Division Torneo Clausura,1.57,1.31,51.77
178,180,Antwerp,Belgian Jupiler League,1.47,1.22,51.66
179,171,Rio Ave,Portuguese Liga,1.36,1.11,51.41
180,186,Brondby,Danish SAS-Ligaen,1.73,1.49,51.39
181,183,VfB Stuttgart,German 2. Bundesliga,1.61,1.36,51.37
182,187,Jiangsu Suning FC,Chinese Super League,1.5,1.26,51.28
183,188,Kawasaki Frontale,Japanese J League,1.48,1.25,51.15
184,155,Sivasspor,Turkish Turkcell Super Lig,1.66,1.43,51.01
185,185,Sporting de Charleroi,Belgian Jupiler League,1.34,1.12,50.92
186,191,Cruzeiro,Brasileiro Série A,1.18,0.96,50.89
187,192,FC Astana,UEFA Europa League,1.54,1.33,50.65
188,175,Standard Liege,Belgian Jupiler League,1.57,1.36,50.55
189,193,Bahía,Brasileiro Série A,1.28,1.07,50.48
190,213,Lecce,Italy Serie A,1.63,1.43,50.4
191,194,Millwall,English League Championship,1.28,1.08,50.4
192,203,Defensa y Justicia,Argentina Primera Division,1.24,1.04,50.38
193,217,Hamburg SV,German 2. Bundesliga,1.55,1.35,50.31
194,199,Anderlecht,Belgian Jupiler League,1.28,1.09,50.05
195,195,León,Mexican Primera Division Torneo Clausura,1.54,1.36,50.0
196,190,Velez Sarsfield,Argentina Primera Division,1.14,0.95,49.89
197,200,Shandong Luneng,Chinese Super League,1.6,1.43,49.81
198,201,Ceará,Brasileiro Série A,1.25,1.07,49.77
199,202,SK Sturm Graz,Austrian T-Mobile Bundesliga,1.49,1.32,49.69
200,211,Pachuca,Mexican Primera Division Torneo Clausura,1.45,1.28,49.68
201,198,Preston North End,English League Championship,1.28,1.11,49.66
202,204,CFR 1907 Cluj,UEFA Europa League,1.48,1.32,49.57
203,196,Brescia,Italy Serie A,1.49,1.33,49.48
204,197,Queens Park Rangers,English League Championship,1.52,1.36,49.46
205,205,Racing Club,Argentina Primera Division,1.25,1.09,49.39
206,264,Rosenborg,Norwegian Tippeligaen,1.62,1.47,49.37
207,210,Cardiff City,English League Championship,1.42,1.27,49.3
208,206,Dinamo Moscow,Russian Premier Liga,1.13,0.97,49.16
209,208,AGF Aarhus,Danish SAS-Ligaen,1.49,1.35,49.0
210,220,Toulouse,French Ligue 1,1.42,1.28,48.95
211,226,CA Independiente,Argentina Primera Division,1.25,1.11,48.95
212,177,Djurgardens IF,Swedish Allsvenskan,1.36,1.23,48.83
213,216,Bristol City,English League Championship,1.4,1.27,48.7
214,207,Blackburn,English League Championship,1.31,1.18,48.68
215,214,Aris Salonika,Greek Super League,1.43,1.3,48.64
216,218,Middlesbrough,English League Championship,1.28,1.15,48.46
217,209,Nottingham Forest,English League Championship,1.3,1.17,48.45
218,189,Hull City,English League Championship,1.38,1.28,48.22
219,215,Sheffield Wednesday,English League Championship,1.32,1.2,48.22
220,249,Lorient,French Ligue 2,1.47,1.37,48.14
221,221,Swansea City,English League Championship,1.33,1.23,48.01
222,219,Atlanta United FC,Major League Soccer,1.47,1.38,47.92
223,222,Fortaleza,Brasileiro Série A,1.31,1.22,47.7
224,223,Kashima Antlers,Japanese J League,1.27,1.19,47.56
225,178,IFK Norrkoping,Swedish Allsvenskan,1.44,1.36,47.52
226,232,Huddersfield Town,English League Championship,1.31,1.22,47.51
227,225,FC Ufa,Russian Premier Liga,1.0,0.9,47.42
228,228,Willem II,Dutch Eredivisie,1.54,1.48,47.3
229,245,Panathinaikos,Greek Super League,1.11,1.02,47.3
230,246,Derby County,English League Championship,1.35,1.28,47.25
231,234,Lanus,Argentina Primera Division,1.25,1.18,47.18
232,235,Servette,Swiss Raiffeisen Super League,1.38,1.32,46.95
233,227,Newell's Old Boys,Argentina Primera Division,1.21,1.16,46.63
234,229,New York City FC,Major League Soccer,1.49,1.46,46.62
235,230,Gazovik Orenburg,Russian Premier Liga,1.34,1.3,46.62
236,224,FC Groningen,Dutch Eredivisie,1.11,1.05,46.58
237,236,Birmingham,English League Championship,1.36,1.33,46.43
238,252,Famalicao,Portuguese Liga,1.36,1.35,46.14
239,253,Querétaro,Mexican Primera Division Torneo Clausura,1.31,1.3,45.93
240,238,Philadelphia Union,Major League Soccer,1.5,1.51,45.79
241,231,Reading,English League Championship,1.24,1.23,45.75
242,239,FC Tambov,Russian Premier Liga,1.27,1.26,45.72
243,237,Goztepe,Turkish Turkcell Super Lig,1.22,1.21,45.71
244,240,PFC Oleksandriya,UEFA Europa League,1.33,1.33,45.69
245,241,FC Nordsjaelland,Danish SAS-Ligaen,1.49,1.5,45.62
246,244,Toronto FC,Major League Soccer,1.49,1.52,45.31
247,212,AIK,Swedish Allsvenskan,1.28,1.3,45.26
248,242,Yeni Malatyaspor,Turkish Turkcell Super Lig,1.48,1.51,45.21
249,247,Ural Sverdlovsk Oblast,Russian Premier Liga,1.28,1.3,45.06
250,248,Boavista,Portuguese Liga,1.02,1.02,44.92
251,256,Wigan,English League Championship,1.19,1.22,44.74
252,250,Pumas Unam,Mexican Primera Division Torneo Clausura,1.3,1.35,44.67
253,254,Slovan Bratislava,UEFA Europa League,1.26,1.3,44.65
254,255,FK Austria Vienna,Austrian T-Mobile Bundesliga,1.49,1.55,44.58
255,243,Guadalajara,Mexican Primera Division Torneo Clausura,1.29,1.34,44.44
256,257,Banfield,Argentina Primera Division,1.11,1.15,44.18
257,260,Lens,French Ligue 2,1.06,1.11,44.11
258,298,SV Zulte Waregem,Belgian Jupiler League,1.43,1.52,43.95
259,262,Los Angeles Galaxy,Major League Soccer,1.81,1.94,43.78
260,251,Heerenveen,Dutch Eredivisie,1.51,1.62,43.76
261,263,Almeria,Spanish Segunda Division,1.23,1.31,43.75
262,295,Moreirense,Portuguese Liga,1.25,1.34,43.71
263,258,Talleres de Córdoba,Argentina Primera Division,1.14,1.21,43.6
264,233,Gil Vicente,Portuguese Liga,1.19,1.27,43.58
265,265,Chicago Fire,Major League Soccer,1.45,1.56,43.52
266,261,Heracles,Dutch Eredivisie,1.5,1.62,43.52
267,271,Santa Clara,Portuguese Liga,1.18,1.26,43.52
268,281,Necaxa,Mexican Primera Division Torneo Clausura,1.31,1.41,43.44
269,259,Portimonense,Portuguese Liga,1.17,1.25,43.44
270,274,Estudiantes,Argentina Primera Division,1.04,1.11,43.33
271,,Inter Miami CF,Major League Soccer,1.34,1.45,43.32
272,267,Goiás,Brasileiro Série A,1.33,1.44,43.18
273,269,Seattle Sounders FC,Major League Soccer,1.39,1.51,43.13
274,270,Arsenal Sarandi,Argentina Primera Division,1.28,1.4,43.01
275,272,Terek Grozny,Russian Premier Liga,0.98,1.06,42.99
276,273,Randers FC,Danish SAS-Ligaen,1.35,1.49,42.79
277,266,Atlético Tucumán,Argentina Primera Division,1.11,1.21,42.79
278,275,Odense BK,Danish SAS-Ligaen,1.25,1.37,42.67
279,276,Sochi,Russian Premier Liga,1.18,1.31,42.53
280,288,Girona FC,Spanish Segunda Division,1.21,1.34,42.47
281,277,Rayo Vallecano,Spanish Segunda Division,1.12,1.24,42.45
282,280,Cerezo Osaka,Japanese J League,0.96,1.06,42.37
283,279,Argentinos Juniors,Argentina Primera Division,0.97,1.07,42.19
284,308,FC Luzern,Swiss Raiffeisen Super League,1.35,1.52,42.09
285,283,New York Red Bulls,Major League Soccer,1.41,1.59,41.98
286,284,Rubin Kazan,Russian Premier Liga,0.88,0.98,41.96
287,285,AaB,Danish SAS-Ligaen,1.24,1.4,41.87
288,278,Atlas,Mexican Primera Division Torneo Clausura,1.19,1.35,41.6
289,268,Rosario Central,Argentina Primera Division,1.13,1.29,41.6
290,289,Guingamp,French Ligue 2,1.25,1.43,41.57
291,282,Union Santa Fe,Argentina Primera Division,1.06,1.22,41.51
292,290,Tianjin Teda,Chinese Super League,1.28,1.47,41.44
293,292,Portland Timbers,Major League Soccer,1.44,1.66,41.32
294,286,FC Lugano,Swiss Raiffeisen Super League,1.07,1.23,41.21
295,294,Krylia Sovetov,Russian Premier Liga,1.09,1.26,41.21
296,324,KV Kortrijk,Belgian Jupiler League,1.33,1.54,41.17
297,305,Tondela,Portuguese Liga,1.15,1.33,41.15
298,299,San Lorenzo,Argentina Primera Division,1.11,1.29,41.13
299,297,FC Dallas,Major League Soccer,1.37,1.6,40.98
300,293,Mouscron-Peruwelz,Belgian Jupiler League,1.23,1.43,40.88
301,296,Arminia Bielefeld,German 2. Bundesliga,1.16,1.36,40.84
302,301,Central Córdoba Santiago del Estero,Argentina Primera Division,1.09,1.28,40.83
303,302,Sanfrecce Hiroshima,Japanese J League,1.03,1.22,40.64
304,307,Real Zaragoza,Spanish Segunda Division,1.12,1.33,40.53
305,359,Gazisehir Gaziantep,Turkish Turkcell Super Lig,1.28,1.52,40.46
306,311,Barnsley,English League Championship,1.27,1.51,40.42
307,303,Pacos Ferreira,Portuguese Liga,1.04,1.25,40.17
308,309,San Jose Earthquakes,Major League Soccer,1.4,1.68,40.13
309,310,Cashpoint SC Rheindorf Altach,Austrian T-Mobile Bundesliga,1.38,1.65,40.07
310,314,Morelia,Mexican Primera Division Torneo Clausura,1.26,1.52,39.97
311,300,St. Truidense,Belgian Jupiler League,1.22,1.47,39.96
312,312,Chapecoense AF,Brasileiro Série A,1.05,1.27,39.91
313,291,Sparta,Dutch Eredivisie,1.29,1.56,39.79
314,315,Kaizer Chiefs,South African ABSA Premier League,1.11,1.35,39.72
315,318,Gamba Osaka,Japanese J League,1.33,1.62,39.58
316,313,Cadiz,Spanish Segunda Division,1.02,1.25,39.5
317,321,Vissel Kobe,Japanese J League,1.6,1.94,39.43
318,322,Botafogo,Brasileiro Série A,1.03,1.27,39.41
319,323,FC Tokyo,Japanese J League,0.98,1.21,39.39
320,320,Sydney FC,Australian A-League,1.32,1.63,39.31
321,342,Atlético San Luis,Mexican Primera Division Torneo Clausura,1.15,1.43,39.25
322,340,Tijuana,Mexican Primera Division Torneo Clausura,1.14,1.42,39.14
323,316,Caykur Rizespor,Turkish Turkcell Super Lig,1.17,1.46,39.08
324,328,FC Zurich,Swiss Raiffeisen Super League,1.28,1.59,39.08
325,326,Toluca,Mexican Primera Division Torneo Clausura,1.2,1.49,39.06
326,304,Vitoria Setubal,Portuguese Liga,0.94,1.18,39.02
327,317,Gimnasia La Plata,Argentina Primera Division,1.0,1.25,39.01
328,327,Perth Glory,Australian A-League,1.24,1.54,38.95
329,338,Holstein Kiel,German 2. Bundesliga,1.33,1.66,38.9
330,339,Desportivo Aves,Portuguese Liga,1.1,1.38,38.85
331,306,Arizona United,United Soccer League,1.36,1.7,38.69
332,331,Shanghai Greenland,Chinese Super League,1.34,1.68,38.68
333,334,Henan Jianye,Chinese Super League,1.25,1.57,38.55
334,335,Minnesota United FC,Major League Soccer,1.25,1.58,38.54
335,336,Asteras Tripolis,Greek Super League,1.03,1.31,38.42
336,337,Hartberg,Austrian T-Mobile Bundesliga,1.52,1.9,38.41
337,372,Belenenses,Portuguese Liga,1.12,1.43,38.39
338,330,Charlton Athletic,English League Championship,1.16,1.48,38.36
339,325,Hannover 96,German 2. Bundesliga,1.21,1.55,38.26
340,332,Maritimo,Portuguese Liga,0.98,1.27,38.16
341,343,Hebei China Fortune FC,Chinese Super League,1.29,1.65,38.14
342,287,BK Hacken,Swedish Allsvenskan,1.12,1.44,38.08
343,350,Huracán,Argentina Primera Division,0.91,1.19,37.9
344,333,Benevento,Italy Serie B,1.03,1.34,37.89
345,345,Wuhan Zall,Chinese Super League,1.17,1.53,37.62
346,347,Patronato,Argentina Primera Division,1.11,1.45,37.6
347,346,New England Revolution,Major League Soccer,1.36,1.76,37.58
348,348,Sporting Kansas City,Major League Soccer,1.37,1.78,37.38
349,349,Columbus Crew,Major League Soccer,1.12,1.47,37.36
350,370,Elche,Spanish Segunda Division,1.05,1.39,37.35
351,341,Atromitos,Greek Super League,1.03,1.38,37.2
352,353,Real Salt Lake,Major League Soccer,1.01,1.36,36.98
353,329,KV Mechelen,Belgian Jupiler League,1.19,1.58,36.87
354,390,FC Juárez,Mexican Primera Division Torneo Clausura,1.18,1.57,36.86
355,354,Colorado Rapids,Major League Soccer,1.36,1.79,36.83
356,352,SV Sandhausen,German 2. Bundesliga,1.21,1.62,36.7
357,357,Dalian Aerbin,Chinese Super League,1.29,1.73,36.66
358,356,ADO Den Haag,Dutch Eredivisie,1.28,1.72,36.58
359,381,FC Twente,Dutch Eredivisie,1.23,1.66,36.32
360,344,SD Huesca,Spanish Segunda Division,0.99,1.37,36.28
361,363,Mamelodi Sundowns,South African ABSA Premier League,0.94,1.31,36.24
362,355,Puebla,Mexican Primera Division Torneo Clausura,1.06,1.46,36.17
363,361,FC Sion,Swiss Raiffeisen Super League,1.27,1.73,36.14
364,358,Le Havre,French Ligue 2,0.99,1.37,36.1
365,362,Genclerbirligi,Turkish Turkcell Super Lig,1.25,1.71,36.08
366,374,PEC Zwolle,Dutch Eredivisie,1.33,1.8,36.01
367,368,Konyaspor,Turkish Turkcell Super Lig,0.89,1.26,35.96
368,319,Bodo/Glimt,Norwegian Tippeligaen,1.32,1.8,35.87
369,369,CSA,Brasileiro Série A,1.03,1.44,35.79
370,366,IFK Goteborg,Swedish Allsvenskan,1.12,1.56,35.71
371,377,Orlando Pirates,South African ABSA Premier League,1.12,1.56,35.52
372,371,Jahn Regensburg,German 2. Bundesliga,1.26,1.76,35.23
373,351,Troyes,French Ligue 2,0.93,1.34,35.21
374,367,OFI Crete,Greek Super League,1.03,1.47,35.18
375,375,F91 Dudelange,UEFA Europa League,1.4,1.94,35.14
376,378,DC United,Major League Soccer,1.14,1.62,35.05
377,379,Kasimpasa,Turkish Turkcell Super Lig,1.37,1.91,35.02
378,380,Houston Dynamo,Major League Soccer,1.23,1.74,34.92
379,383,Chongqing Lifan,Chinese Super League,1.08,1.56,34.78
380,360,Melbourne City,Australian A-League,1.21,1.72,34.71
381,382,Numancia,Spanish Segunda Division,0.91,1.35,34.67
382,393,Clermont Foot,French Ligue 2,0.94,1.38,34.58
383,365,Málaga,Spanish Segunda Division,0.76,1.14,34.57
384,364,Aberdeen,Scottish Premiership,0.98,1.44,34.51
385,385,1. FC Heidenheim 1846,German 2. Bundesliga,1.02,1.51,34.18
386,399,Aldosivi,Argentina Primera Division,0.87,1.32,34.14
387,392,Rotherham United,English League One,1.17,1.71,34.09
388,376,1. FC Nürnberg,German 2. Bundesliga,1.11,1.64,33.88
389,391,Guangzhou RF,Chinese Super League,1.44,2.07,33.73
390,387,Mirandes,Spanish Segunda Division,1.05,1.58,33.68
391,394,Orlando City SC,Major League Soccer,1.22,1.79,33.65
392,395,Tianjin Quanujian,Chinese Super League,1.16,1.73,33.51
393,397,Consadole Sapporo,Japanese J League,1.15,1.72,33.38
394,388,Las Palmas,Spanish Segunda Division,0.91,1.41,33.32
395,421,SD Ponferradina,Spanish Segunda Division,0.98,1.52,33.07
396,403,Bidvest Wits,South African ABSA Premier League,0.91,1.44,32.85
397,384,Sunderland,English League One,0.93,1.46,32.81
398,373,Viking FK,Norwegian Tippeligaen,1.19,1.8,32.76
399,401,Luton Town,English League Championship,1.13,1.73,32.67
400,408,Neuchatel Xamax,Swiss Raiffeisen Super League,1.11,1.71,32.66
401,405,Shenzhen FC,Chinese Super League,1.19,1.81,32.64
402,411,Caen,French Ligue 2,1.0,1.56,32.55
403,407,Avaí,Brasileiro Série A,0.87,1.4,32.37
404,396,Emmen,Dutch Eredivisie,1.09,1.71,32.35
405,400,AC Ajaccio,French Ligue 2,0.83,1.35,32.34
406,406,Frosinone,Italy Serie B,0.9,1.45,32.32
407,398,Crotone,Italy Serie B,1.0,1.59,32.09
408,416,VfL Osnabruck,German 2. Bundesliga,1.05,1.67,31.98
409,414,Colon Santa Fe,Argentina Primera Division,0.89,1.45,31.97
410,417,Eupen,Belgian Jupiler League,0.9,1.47,31.96
411,413,Denizlispor,Turkish Turkcell Super Lig,1.01,1.62,31.93
412,418,SpVgg Greuther Fürth,German 2. Bundesliga,1.03,1.65,31.88
413,402,Fuenlabrada,Spanish Segunda Division,0.84,1.38,31.83
414,412,Montreal Impact,Major League Soccer,1.11,1.76,31.83
415,433,Adelaide United,Australian A-League,1.21,1.89,31.78
416,425,Tenerife,Spanish Segunda Division,0.91,1.5,31.66
417,430,Real Oviedo,Spanish Segunda Division,0.97,1.58,31.64
418,463,Peterborough United,English League One,1.13,1.8,31.4
419,423,Hibernian,Scottish Premiership,1.05,1.7,31.38
420,424,Oxford United,English League One,0.97,1.59,31.35
421,426,FC St. Pauli,German 2. Bundesliga,0.98,1.62,31.08
422,437,Deportivo La Coruña,Spanish Segunda Division,0.82,1.42,30.85
423,420,AS Nancy Lorraine,French Ligue 2,0.78,1.36,30.82
424,427,Hobro IK,Danish SAS-Ligaen,0.9,1.52,30.8
425,422,Sporting Gijón,Spanish Segunda Division,0.73,1.29,30.76
426,429,FC Trenkwalder Admira,Austrian T-Mobile Bundesliga,1.12,1.85,30.5
427,456,Portsmouth,English League One,0.99,1.68,30.36
428,389,Haugesund,Norwegian Tippeligaen,1.01,1.7,30.35
429,434,SV Mattersburg,Austrian T-Mobile Bundesliga,1.16,1.92,30.19
430,432,VfL Bochum,German 2. Bundesliga,1.1,1.84,30.12
431,438,Lyngby,Danish SAS-Ligaen,1.01,1.72,30.11
432,419,Livingston,Scottish Premiership,1.01,1.73,30.07
433,442,Larissa,Greek Super League,0.81,1.44,30.02
434,404,Motherwell,Scottish Premiership,0.93,1.61,29.98
435,439,SV Darmstadt 98,German 2. Bundesliga,0.94,1.63,29.97
436,431,Valenciennes,French Ligue 2,0.73,1.33,29.89
437,444,AD Alcorcon,Spanish Segunda Division,0.77,1.4,29.79
438,458,Cittadella,Italy Serie B,0.88,1.57,29.68
439,,Miami FC,United Soccer League,1.07,1.83,29.63
440,443,Vegalta Sendai,Japanese J League,0.88,1.57,29.56
441,436,IF Elfsborg,Swedish Allsvenskan,1.03,1.79,29.51
442,455,KV Oostende,Belgian Jupiler League,0.97,1.7,29.4
443,441,Lamia,Greek Super League,0.68,1.29,29.38
444,447,Esbjerg,Danish SAS-Ligaen,0.94,1.67,29.36
445,449,Sonderjyske,Danish SAS-Ligaen,1.04,1.81,29.26
446,451,Odd BK,Norwegian Tippeligaen,1.02,1.79,29.15
447,465,Fortuna Sittard,Dutch Eredivisie,1.21,2.06,29.13
448,428,Stabaek,Norwegian Tippeligaen,0.94,1.68,29.0
449,462,VVV Venlo,Dutch Eredivisie,1.12,1.95,28.66
450,445,Auxerre,French Ligue 2,0.7,1.36,28.62
451,454,Antalyaspor,Turkish Turkcell Super Lig,0.96,1.74,28.59
452,474,Grenoble,French Ligue 2,0.78,1.48,28.57
453,473,Newcastle Jets,Australian A-League,1.14,2.0,28.49
454,482,Kilmarnock,Scottish Premiership,0.83,1.56,28.47
455,461,Urawa Red Diamonds,Japanese J League,0.96,1.74,28.44
456,450,Thun,Swiss Raiffeisen Super League,1.09,1.93,28.4
457,472,Doncaster Rovers,English League One,0.87,1.63,28.37
458,453,Karlsruher SC,German 2. Bundesliga,1.03,1.85,28.32
459,435,Kristiansund BK,Norwegian Tippeligaen,1.0,1.82,28.27
460,440,Chievo Verona,Italy Serie B,0.84,1.59,28.22
461,464,Wellington Phoenix,Australian A-League,1.11,1.97,28.21
462,448,SuperSport United,South African ABSA Premier League,0.8,1.53,28.08
463,466,Nagoya Grampus Eight,Japanese J League,1.01,1.84,28.06
464,470,Melbourne Victory,Australian A-League,1.11,1.98,27.99
465,467,Erzgebirge Aue,German 2. Bundesliga,0.9,1.69,27.88
466,468,Racing Santander,Spanish Segunda Division,0.78,1.53,27.7
467,520,Orange County SC,United Soccer League,1.03,1.89,27.67
468,471,Ankaragucu,Turkish Turkcell Super Lig,0.94,1.76,27.67
469,460,Godoy Cruz,Argentina Primera Division,0.9,1.7,27.67
470,452,RKC,Dutch Eredivisie,1.11,2.0,27.63
471,457,Tampa Bay Rowdies,United Soccer League,0.99,1.84,27.55
472,486,FC Xanthi,Greek Super League,0.73,1.47,27.46
473,536,San Antonio FC,United Soccer League,1.14,2.06,27.39
474,479,Coventry City,English League One,0.84,1.64,27.39
475,446,Ipswich Town,English League One,0.87,1.68,27.35
476,476,Extremadura UD,Spanish Segunda Division,0.66,1.38,27.22
477,493,Western Sydney FC,Australian A-League,1.06,1.97,27.06
478,492,Empoli,Italy Serie B,0.89,1.73,26.91
479,478,Guizhou Renhe,Chinese Super League,0.94,1.82,26.81
480,480,Silkeborg,Danish SAS-Ligaen,1.08,2.02,26.73
481,488,Volos NFC,Greek Super League,0.8,1.63,26.5
482,525,Indy Eleven,United Soccer League,0.86,1.72,26.36
483,485,Shimizu S-Pulse,Japanese J League,1.07,2.03,26.23
484,410,Nashville SC,Major League Soccer,0.86,1.74,26.12
485,415,Louisville City FC,United Soccer League,0.98,1.92,26.08
486,459,Waasland-Beveren,Belgian Jupiler League,0.93,1.84,26.06
487,489,St. Pölten,Austrian T-Mobile Bundesliga,0.96,1.89,26.06
488,483,Valerenga,Norwegian Tippeligaen,0.9,1.82,25.91
489,487,Cercle Brugge,Belgian Jupiler League,0.95,1.89,25.85
490,477,Stromsgodset,Norwegian Tippeligaen,1.02,1.99,25.85
491,490,Dynamo Dresden,German 2. Bundesliga,0.81,1.69,25.82
492,500,SV Wehen Wiesbaden,German 2. Bundesliga,0.88,1.79,25.77
493,484,Spezia,Italy Serie B,0.73,1.56,25.74
494,502,SK Brann,Norwegian Tippeligaen,0.81,1.69,25.72
495,495,Panetolikos,Greek Super League,0.76,1.63,25.46
496,481,Western United,Australian A-League,0.95,1.92,25.32
497,497,US Pescara,Italy Serie B,0.83,1.75,25.21
498,494,Kayserispor,Turkish Turkcell Super Lig,1.06,2.1,25.15
499,475,Sochaux,French Ligue 2,0.67,1.52,25.13
500,503,Salernitana,Italy Serie B,0.81,1.72,25.07
501,514,Perugia,Italy Serie B,0.81,1.73,25.06
502,496,Oita Trinita,Japanese J League,0.65,1.48,25.06
503,510,Rodez,French Ligue 2,0.8,1.73,24.89
504,501,Veracruz,Mexican Primera Division Torneo Apertura,0.87,1.83,24.89
505,491,Albacete,Spanish Segunda Division,0.65,1.5,24.81
506,498,Lugo,Spanish Segunda Division,0.71,1.61,24.57
507,504,Bloem Celtic,South African ABSA Premier League,0.87,1.86,24.52
508,505,WSG Swarovski Wattens,Austrian T-Mobile Bundesliga,1.04,2.11,24.49
509,506,AC Horsens,Danish SAS-Ligaen,0.78,1.72,24.48
510,513,Le Mans,French Ligue 2,0.87,1.88,24.27
511,527,Chambly Thelle FC,French Ligue 2,0.69,1.61,24.19
512,509,Vancouver Whitecaps,Major League Soccer,0.93,1.98,24.08
513,546,Sacramento Republic FC,United Soccer League,0.89,1.91,24.07
514,512,Black Aces,South African ABSA Premier League,0.78,1.75,24.07
515,511,Sagan Tosu,Japanese J League,0.74,1.69,24.05
516,508,Virtus Entella,Italy Serie B,0.75,1.71,23.94
517,469,Reno 1868 FC,United Soccer League,0.94,2.03,23.59
518,518,Burton Albion,English League One,0.86,1.91,23.54
519,519,Orebro SK,Swedish Allsvenskan,0.9,2.0,23.1
520,524,Cosenza,Italy Serie B,0.68,1.66,23.02
521,550,Austin Bold FC,United Soccer League,0.88,1.97,23.02
522,531,Fleetwood Town,English League One,0.77,1.81,22.92
523,522,Hearts,Scottish Premiership,0.83,1.9,22.91
524,523,Sarpsborg,Norwegian Tippeligaen,0.75,1.78,22.79
525,409,Pittsburgh Riverhounds,United Soccer League,0.78,1.83,22.77
526,530,IK Sirius,Swedish Allsvenskan,0.84,1.93,22.74
527,386,Real Monarchs SLC,United Soccer League,0.96,2.13,22.51
528,526,Brisbane Roar,Australian A-League,0.92,2.07,22.48
529,529,Pordenone Calcio,Italy Serie B,0.75,1.82,22.32
530,528,Shonan Bellmare,Japanese J League,0.86,1.99,22.29
531,521,Cremonese,Italy Serie B,0.64,1.65,22.24
532,533,Paris FC,French Ligue 2,0.66,1.68,22.19
533,515,Chateauroux,French Ligue 2,0.64,1.65,22.18
534,556,Helsingborgs IF,Swedish Allsvenskan,0.76,1.85,22.03
535,516,Orléans,French Ligue 2,0.75,1.84,21.98
536,543,F.B.C Unione Venezia,Italy Serie B,0.62,1.62,21.94
537,541,Östersunds FK,Swedish Allsvenskan,0.81,1.95,21.77
538,542,Niort,French Ligue 2,0.75,1.85,21.76
539,535,FC Cincinnati,Major League Soccer,0.85,2.03,21.63
540,517,North Carolina FC,United Soccer League,0.85,2.05,21.43
541,539,Gillingham,English League One,0.59,1.65,20.93
542,548,Ascoli,Italy Serie B,0.7,1.84,20.91
543,544,Swindon Town,English League Two,0.82,2.03,20.89
544,540,Blackpool,English League One,0.68,1.8,20.85
545,547,St Mirren,Scottish Premiership,0.64,1.74,20.74
546,534,Lincoln City,English League One,0.69,1.84,20.71
547,538,Panionios,Greek Super League,0.61,1.7,20.6
548,,Aalesund,Norwegian Tippeligaen,0.73,1.92,20.51
549,537,Mjondalen,Norwegian Tippeligaen,0.79,2.01,20.46
550,545,Jubilo Iwata,Japanese J League,0.61,1.73,20.35
551,575,Portland Timbers 2,United Soccer League,0.96,2.3,20.3
552,559,Milton Keynes Dons,English League One,0.68,1.86,20.19
553,560,Ross County,Scottish Premiership,0.75,2.01,19.65
554,566,St Johnstone,Scottish Premiership,0.64,1.82,19.6
555,567,Pisa,Italy Serie B,0.71,1.97,19.42
556,558,Plymouth Argyle,English League Two,0.7,1.95,19.36
557,555,Maritzburg Utd,South African ABSA Premier League,0.45,1.5,19.33
558,591,Saint Louis FC,United Soccer League,0.68,1.93,19.16
559,553,Livorno,Italy Serie B,0.66,1.92,18.9
560,,Mjallby,Swedish Allsvenskan,0.66,1.93,18.7
561,562,Hamilton Academical,Scottish Premiership,0.74,2.07,18.67
562,595,Oklahoma City Energy FC,United Soccer League,0.74,2.08,18.63
563,563,Crewe Alexandra,English League Two,0.78,2.15,18.51
564,569,New Mexico United,United Soccer League,0.77,2.16,18.33
565,589,Kalmar FF,Swedish Allsvenskan,0.62,1.89,18.17
566,568,Highlands Park FC,South African ABSA Premier League,0.54,1.76,18.15
567,570,Accrington Stanley,English League One,0.66,1.98,17.99
568,554,El Paso Locomotive FC,United Soccer League,0.62,1.92,17.95
569,,IK Start,Norwegian Tippeligaen,0.64,1.97,17.88
570,,San Diego Loyal SC,United Soccer League,0.68,2.06,17.63
571,571,Matsumoto Yamaga FC,Japanese J League,0.39,1.53,17.45
572,561,Juve Stabia,Italy Serie B,0.58,1.9,17.3
573,,Sandefjord,Norwegian Tippeligaen,0.62,1.98,17.15
574,564,Wycombe Wanderers,English League One,0.57,1.9,17.06
575,565,Trapani,Italy Serie B,0.6,1.96,17.05
576,576,Golden Arrows,South African ABSA Premier League,0.44,1.67,16.76
577,574,Cheltenham Town,English League Two,0.56,1.91,16.71
578,572,Central Coast Mariners,Australian A-League,0.78,2.32,16.69
579,577,Northampton Town,English League Two,0.62,2.05,16.47
580,588,Charlotte Independence,United Soccer League,0.65,2.12,16.26
581,581,AFC Wimbledon,English League One,0.55,1.98,15.57
582,610,Birmingham Legion FC,United Soccer League,0.61,2.12,15.43
583,573,Charleston Battery,United Soccer League,0.56,2.04,15.31
584,583,Bristol Rovers,English League One,0.51,1.95,15.27
585,580,Shrewsbury Town,English League One,0.43,1.79,15.21
586,584,Exeter City,English League Two,0.51,1.97,14.95
587,598,Falkenbergs FF,Swedish Allsvenskan,0.59,2.14,14.7
588,586,Chippa United,South African ABSA Premier League,0.31,1.57,14.67
589,582,Colchester United,English League Two,0.47,1.92,14.6
590,585,Polokwane City FC,South African ABSA Premier League,0.42,1.84,14.45
591,597,Rochdale,English League One,0.57,2.17,13.95
592,592,Salford City,English League Two,0.54,2.13,13.86
593,599,Black Leopards,South African ABSA Premier League,0.48,2.03,13.79
594,600,AmaZulu,South African ABSA Premier League,0.31,1.69,13.46
595,594,Stellenbosch FC,South African ABSA Premier League,0.41,1.9,13.44
596,,Varbergs BoIS FC,Swedish Allsvenskan,0.47,2.04,13.37
597,549,LA Galaxy II,United Soccer League,0.61,2.33,13.28
598,617,Memphis 901 FC,United Soccer League,0.51,2.14,13.27
599,499,New York Red Bulls II,United Soccer League,0.62,2.37,13.13
600,593,Scunthorpe,English League Two,0.58,2.3,13.01
601,587,Bradford City,English League Two,0.4,1.93,12.92
602,601,Baroka FC,South African ABSA Premier League,0.23,1.6,12.56
603,578,Loudoun United FC,United Soccer League,0.6,2.48,11.82
604,604,Mansfield Town,English League Two,0.59,2.46,11.8
605,605,Hartford Athletic,United Soccer League,0.62,2.53,11.76
606,606,Crawley Town,English League Two,0.53,2.34,11.73
607,626,Colorado Springs Switchbacks FC,United Soccer League,0.47,2.23,11.67
608,619,Tulsa Roughnecks,United Soccer League,0.53,2.37,11.49
609,607,Southend United,English League One,0.65,2.63,11.43
610,615,Tacoma Defiance,United Soccer League,0.54,2.47,10.76
611,603,Las Vegas Lights FC,United Soccer League,0.46,2.32,10.62
612,602,Tranmere Rovers,English League One,0.42,2.24,10.56
613,618,Oldham Athletic,English League Two,0.41,2.21,10.55
614,608,Forest Green Rovers,English League Two,0.36,2.14,10.36
615,612,Bolton,English League One,0.46,2.39,10.12
616,621,Leyton Orient,English League Two,0.4,2.36,9.25
617,613,Newport County,English League Two,0.2,1.87,9.21
618,596,Rio Grande Valley FC Toros,United Soccer League,0.37,2.3,9.2
619,616,Port Vale,English League Two,0.28,2.13,8.88
620,620,Carlisle United,English League Two,0.33,2.38,8.09
621,614,Atlanta United 2,United Soccer League,0.42,2.6,8.0
622,609,Swope Park Rangers,United Soccer League,0.39,2.63,7.41
623,624,Macclesfield,English League Two,0.2,2.13,7.35
624,623,Grimsby Town,English League Two,0.2,2.15,7.34
625,611,Bethlehem Steel FC,United Soccer League,0.4,2.69,7.22
626,622,Stevenage,English League Two,0.2,2.17,7.09
627,625,Walsall,English League Two,0.24,2.3,6.95
628,627,Cambridge United,English League Two,0.2,2.43,5.69
629,628,Morecambe,English League Two,0.2,2.47,5.51
